"Estimate","Std. Error","z value","Pr(>|z|)"
3.0793382926404,0.0431924266801816,71.2934773366952,0
-0.434816783049646,0.168460462039384,-2.58112068425878,0.0098480148096108
-0.362739348730514,0.170377933520617,-2.12902775162853,0.0332519644373808
0.0138018598794023,0.0011383882680432,12.1240355921154,7.87821467447684e-34
