"Estimate","Std.Err.rob","z-value.rob","Pr(>|z.rob|)"
0.162456103050814,0.128115449207993,1.268,0.2048
-0.169508676602998,0.133226265595974,-1.272,0.20337
-105.212911436429,45.3019903053313,-2.322,0.02023
130.392036937511,40.6008271968491,3.212,0.00132
-37.3932232987996,40.8039404792731,-0.916,0.35967
16.2055631237326,35.8521385825723,0.452,0.65127
